img,N,Cin,Cout,K,t_torch_fp16_ms,t_triton_fp16_ms,speedup,err_max,err_mean,note
32,1,1,1,1,0.07874889997765422,0.7237652999416847,0.10880447015627744,0.0009765625,1.3828277587890625e-05,
32,1,1,1,3,0.10788956666753317,1.195478566660313,0.09024801420650586,0.001953125,5.221366882324219e-05,
32,1,1,1,5,0.2700742666396157,2.1137240333094574,0.12777177265508993,0.0009765625,9.006261825561523e-05,
32,1,1,1,7,0.07802520000647443,1.7234110999803913,0.04527370167649622,0.0009765625,5.3822994232177734e-05,
32,1,1,1,9,0.16317790007936614,1.5791045666749899,0.10333571539404666,0.0009765625,9.1552734375e-05,
32,1,1,1,11,0.2923665999939355,1.4361977333464893,0.20356987983311398,0.0009765625,9.292364120483398e-05,
32,1,1,3,1,0.0715953333080203,0.9268314666163254,0.07724741324266904,0.0009765625,2.872943878173828e-05,
32,1,1,3,3,0.2906567333411658,1.1338937333979022,0.2563350733672055,0.001953125,0.00011241436004638672,
32,1,1,3,5,0.06946696667000651,0.8278660000845169,0.08391088251349206,0.0009765625,8.815526962280273e-05,
32,1,1,3,7,0.07045283333961076,0.885727533386671,0.07954233179387238,0.001953125,6.669759750366211e-05,
32,1,1,3,9,0.077000600019043,1.0723556665955887,0.07180509453873367,0.0009765625,8.934736251831055e-05,
32,1,1,3,11,0.07730083331504527,1.0993482666284156,0.07031514549262784,0.0009765625,6.270408630371094e-05,
32,1,3,8,1,0.0926974000321934,1.3586798667044302,0.06822607908148165,0.0009765625,8.14199447631836e-05,
32,1,3,8,3,0.09415483339883697,1.2503457666753093,0.07530303689450342,0.001953125,6.872415542602539e-05,
32,1,3,8,5,0.314130633341847,1.4047782333364012,0.22361581770510133,0.001953125,8.279085159301758e-05,
32,1,3,8,7,0.12136419997356522,0.9479948000565249,0.12802201021179524,0.001953125,7.12275505065918e-05,
32,1,3,8,9,0.16770449995722933,0.8371570333110867,0.20032621513544702,0.0009765625,6.598234176635742e-05,
32,1,3,8,11,0.2121542666524571,0.9151040332653793,0.2318362272925668,0.001953125,7.110834121704102e-05,
32,1,8,16,1,0.07490459999341208,1.3278096666908823,0.05641215143438933,0.001953125,8.481740951538086e-05,
32,1,8,16,3,0.11178230003376181,1.0314270000283916,0.1083763562818162,0.001953125,7.075071334838867e-05,
32,1,8,16,5,0.11379279991767059,0.72156206673147,0.1577034120337408,0.001953125,7.683038711547852e-05,
32,1,8,16,7,0.18485910004528705,0.7689932666835375,0.24039105159208343,0.001953125,8.14199447631836e-05,
32,1,8,16,9,0.4151488332960677,1.2313919666970226,0.3371378444262767,0.001953125,7.683038711547852e-05,
32,1,8,16,11,0.22104950003267732,1.4482326332654338,0.15263397257819084,0.0009765625,6.645917892456055e-05,
32,1,16,32,1,0.08001499991223682,0.888108400007089,0.09009598367901725,0.001953125,7.730722427368164e-05,
32,1,16,32,3,0.11329546662940022,0.6936985333595658,0.1633208968753515,0.001953125,8.171796798706055e-05,
32,1,16,32,5,0.12348323325568344,0.7270510667391742,0.16984121047989936,0.001953125,7.915496826171875e-05,
32,1,16,32,7,0.2595496332408705,0.9666669999811953,0.26849952801318294,0.001953125,7.456541061401367e-05,
32,1,16,32,9,0.2451422333251685,1.2994482667030145,0.1886510141316731,0.001953125,6.92605972290039e-05,
32,1,16,32,11,0.3321875666491299,1.6902215999531716,0.19653491983437754,0.001953125,7.224082946777344e-05,
32,1,32,64,1,0.07779673336093158,0.7191630667269541,0.10817676401959725,0.001953125,8.618831634521484e-05,
32,1,32,64,3,0.2536901666947718,0.7512833667230249,0.33767573984943494,0.001953125,8.594989776611328e-05,
32,1,32,64,5,0.22411099998862483,1.028274333414932,0.217948647268424,0.001953125,8.016824722290039e-05,
32,1,32,64,7,0.26058756666316185,1.475485333382191,0.176611424571621,0.001953125,7.742643356323242e-05,
32,1,32,64,9,0.5035231667231225,2.4630384667640706,0.20443171047370975,0.001953125,7.158517837524414e-05,
32,1,32,64,11,0.6068721333576832,1.4228473666056136,0.4265194901442276,0.001953125,7.385015487670898e-05,
32,2,1,1,1,0.07363420008914545,1.049567600057344,0.07015670080242796,0.000244140625,1.4781951904296875e-05,
32,2,1,1,3,0.06969403330003843,1.1120297000161372,0.06267281647156282,0.0009765625,7.867813110351562e-05,
32,2,1,1,5,0.0727822332313129,1.3479805000921867,0.0539935356827012,0.0009765625,5.3882598876953125e-05,
32,2,1,1,7,0.08779106659252041,1.4216586333835342,0.061752564596733395,0.0009765625,7.700920104980469e-05,
32,2,1,1,9,0.09365753333743972,0.9725004000453433,0.09630590726037017,0.0009765625,7.098913192749023e-05,
32,2,1,1,11,0.11843326671320635,0.72393290004887,0.16359702218977942,0.0009765625,5.733966827392578e-05,
32,2,1,3,1,0.0687632332604456,0.8360799666358313,0.0822448043302975,0.001953125,9.906291961669922e-05,
32,2,1,3,3,0.0853233999805525,0.7497264667714868,0.11380603961865825,0.001953125,7.015466690063477e-05,
32,2,1,3,5,0.06542326664202847,0.7656136000150582,0.08545206960892768,0.0009765625,7.593631744384766e-05,
32,2,1,3,7,0.16655399995215703,0.8184377666718016,0.20350233913258084,0.001953125,8.827447891235352e-05,
32,2,1,3,9,0.09483246661451024,0.816708833250838,0.11611539235719774,0.001953125,7.605552673339844e-05,
32,2,1,3,11,0.10696116660255939,0.7415233332721982,0.14424517989280333,0.0009765625,5.65648078918457e-05,
32,2,3,8,1,0.08022203328437172,0.7857164666347671,0.10210048623260198,0.001953125,8.511543273925781e-05,
32,2,3,8,3,0.07035763337626122,0.8297515666830199,0.08479361317450711,0.001953125,7.623434066772461e-05,
32,2,3,8,5,0.15340833330507544,0.7364741333731217,0.20830104731913754,0.001953125,7.43865966796875e-05,
32,2,3,8,7,0.13269269996574926,0.7270919667159129,0.18249782151367727,0.001953125,8.100271224975586e-05,
32,2,3,8,9,0.16950193336621547,0.7565903333064247,0.22403396647359217,0.001953125,8.004903793334961e-05,
32,2,3,8,11,0.21351453336440804,0.8835310666957715,0.24166047059659085,0.001953125,8.177757263183594e-05,
32,2,8,16,1,0.07821296664284698,0.7356985000418111,0.10631116773841728,0.001953125,8.64863395690918e-05,
32,2,8,16,3,0.10685163324524183,0.744453266573449,0.14353034373407464,0.001953125,8.475780487060547e-05,
32,2,8,16,5,0.11737196667430301,1.0423554000832762,0.11260263693642868,0.001953125,8.106231689453125e-05,
32,2,8,16,7,0.19210083337384276,1.0396194999581592,0.18477994437539322,0.001953125,7.528066635131836e-05,
32,2,8,16,9,0.2528121332337226,1.3687890333433945,0.18469766127231851,0.001953125,8.26120376586914e-05,
32,2,8,16,11,0.2277538998896489,1.7401737333178364,0.13087997797519363,0.001953125,7.104873657226562e-05,
32,2,16,32,1,0.08124463335358693,0.7553401332794843,0.10756032914714132,0.001953125,8.380413055419922e-05,
32,2,16,32,3,0.11640006656913708,0.7885754000502251,0.14760803667185593,0.001953125,7.462501525878906e-05,
32,2,16,32,5,0.12667899997419832,0.9212365999701433,0.13750973417502507,0.001953125,6.61611557006836e-05,
32,2,16,32,7,0.21101709996097875,1.5010993666995394,0.1405750376305475,0.001953125,7.253885269165039e-05,
32,2,16,32,9,0.20372159997350536,1.984188533363825,0.10267250140193737,0.001953125,7.277727127075195e-05,
32,2,16,32,11,0.26230223338643555,2.022385700062538,0.12969941064077165,0.001953125,7.49826431274414e-05,
32,2,32,64,1,0.07473596670024563,0.7296712332996927,0.10242416486981042,0.001953125,8.416175842285156e-05,
32,2,32,64,3,0.10573213330644649,0.7325749667264366,0.14432943809002655,0.001953125,7.88569450378418e-05,
32,2,32,64,5,0.11210626665463981,0.8863768000689257,0.12647698658846024,0.001953125,7.152557373046875e-05,
32,2,32,64,7,0.2518587666903234,1.2708690000484542,0.19817838556194292,0.001953125,7.081031799316406e-05,
32,2,32,64,9,0.38816703333092545,1.6683356333184445,0.23266723168816586,0.001953125,7.259845733642578e-05,
32,2,32,64,11,0.28966550004649133,2.107225866590549,0.13746295764448097,0.001953125,6.920099258422852e-05,
32,4,1,1,1,0.06578663330098304,0.6214613333819822,0.10585796696790979,0.001953125,0.00013554096221923828,
32,4,1,1,3,0.06736326661969845,0.6459855666131867,0.10427983240070636,0.001953125,9.000301361083984e-05,
32,4,1,1,5,0.068318733246997,0.6507456666440703,0.1049853064705299,0.0009765625,7.808208465576172e-05,
32,4,1,1,7,0.08131809991027694,0.5856332667462993,0.13885498746010366,0.0009765625,9.357929229736328e-05,
32,4,1,1,9,0.06961990002309904,0.6191631666297326,0.11244192771036171,0.001953125,8.940696716308594e-05,
32,4,1,1,11,0.07102856664763142,0.6094234666913204,0.11655042926597403,0.0009765625,1.055002212524414e-05,
32,4,1,3,1,0.07081146674560539,0.5958019000293765,0.1188506897042691,0.001953125,8.338689804077148e-05,
32,4,1,3,3,0.0776007333721888,0.6515685667788299,0.11909833796284067,0.001953125,0.00010371208190917969,
32,4,1,3,5,0.1341367666706598,0.8800798333444012,0.15241431696136606,0.001953125,8.159875869750977e-05,
32,4,1,3,7,0.1151429999784644,0.8009361667063786,0.14376052020719346,0.0009765625,5.2809715270996094e-05,
32,4,1,3,9,0.07007910001751345,0.6280428333411692,0.11158331294809103,0.001953125,8.755922317504883e-05,
32,4,1,3,11,0.07094540002678211,0.6350638333969982,0.11171380937769751,0.001953125,7.736682891845703e-05,
32,4,3,8,1,0.07272646665417899,0.7092380667018006,0.10254168532208363,0.001953125,7.110834121704102e-05,
32,4,3,8,3,0.06897599996591453,0.6425271999129715,0.10735109731581345,0.001953125,8.380413055419922e-05,
32,4,3,8,5,0.0832334000733681,0.632609833337483,0.13157146109198237,0.001953125,6.908178329467773e-05,
32,4,3,8,7,0.07061209992874258,0.708694333297899,0.09963689084425183,0.001953125,6.431341171264648e-05,
32,4,3,8,9,0.11409603333352909,0.6381069334262671,0.17880393920952878,0.001953125,6.61611557006836e-05,
32,4,3,8,11,0.13777566661398546,0.6150474332874486,0.22400819702241506,0.001953125,7.289648056030273e-05,
32,4,8,16,1,0.07392306664163091,0.6514868666272378,0.11346823770114092,0.001953125,6.29425048828125e-05,
32,4,8,16,3,0.10433883338312928,0.6357675333371541,0.1641147556488974,0.001953125,7.838010787963867e-05,
32,4,8,16,5,0.11245526669275326,0.7324482000209779,0.1535334057610251,0.001953125,8.499622344970703e-05,
32,4,8,16,7,0.10600730007960617,0.6521663333842298,0.16254641592661145,0.001953125,7.12275505065918e-05,
32,4,8,16,9,0.10431310001877137,0.7026795999991009,0.1484504460054125,0.001953125,7.75456428527832e-05,
32,4,8,16,11,0.1022030999592971,0.7586978333468627,0.13470856969295145,0.001953125,7.718801498413086e-05,
32,4,16,32,1,0.07181506662163883,0.6469688001137305,0.11100236457927258,0.001953125,8.243322372436523e-05,
32,4,16,32,3,0.10557216664892621,0.6351326332757404,0.16622066182370518,0.001953125,7.724761962890625e-05,
32,4,16,32,5,0.11048450008577977,0.8059401998859054,0.13708771457413435,0.001953125,8.022785186767578e-05,
32,4,16,32,7,0.17257809995498974,0.8060181999705188,0.21411191454647302,0.001953125,8.07642936706543e-05,
32,4,16,32,9,0.13302653339148188,0.7769960332855893,0.17120619371629048,0.001953125,8.171796798706055e-05,
32,4,16,32,11,0.1525243333162507,0.9033186666783877,0.16884886689777062,0.001953125,7.289648056030273e-05,
32,4,32,64,1,0.07267869999244188,0.6369083332780671,0.11411171152114785,0.001953125,7.796287536621094e-05,
32,4,32,64,3,0.10137753330733783,0.6492594666876054,0.15614332714245377,0.001953125,7.772445678710938e-05,
32,4,32,64,5,0.16834876660141163,0.6633996666399374,0.2537667337912359,0.001953125,7.301568984985352e-05,
32,4,32,64,7,0.2690783333188544,0.9165107333198345,0.29358994230671404,0.001953125,7.897615432739258e-05,
32,4,32,64,9,0.4016986000351608,1.2878491333443283,0.3119143303626077,0.001953125,7.581710815429688e-05,
32,4,32,64,11,0.33122403341015644,1.6145623332704417,0.20514787604343046,0.001953125,7.605552673339844e-05,
32,8,1,1,1,0.0683578333943539,0.5738467333382383,0.11912210948156124,0.001953125,0.00010955333709716797,
32,8,1,1,3,0.06797880002219851,0.5455731666491678,0.12460070285295474,0.0009765625,4.941225051879883e-05,
32,8,1,1,5,0.06712950004536349,0.5721132666318832,0.11733603109846577,0.001953125,8.004903793334961e-05,
32,8,1,1,7,0.06857489994824088,0.5641223999797754,0.1215603208642298,0.0009765625,5.4001808166503906e-05,
32,8,1,1,9,0.06990543333813548,0.7124194666782083,0.0981239797728758,0.0009765625,6.401538848876953e-05,
32,8,1,1,11,0.07479666661917388,0.6084516332824327,0.12292951900821764,0.0009765625,4.863739013671875e-05,
32,8,1,3,1,0.0696823333176629,0.6070750000314243,0.11478373069893488,0.001953125,7.033348083496094e-05,
32,8,1,3,3,0.07247333342093043,0.6136087333288742,0.11811000965999467,0.001953125,9.131431579589844e-05,
32,8,1,3,5,0.08179500000551343,0.6108989333976448,0.13389285122924194,0.001953125,7.832050323486328e-05,
32,8,1,3,7,0.07143333326287878,0.6069544334119806,0.1176914267868807,0.001953125,5.6684017181396484e-05,
32,8,1,3,9,0.07204449999941669,0.816089999959028,0.08828009166027485,0.001953125,8.90493392944336e-05,
32,8,1,3,11,0.0798272999721424,0.695088533393573,0.11484479478090108,0.0009765625,6.508827209472656e-05,
32,8,3,8,1,0.07335033333220053,0.8265187666741743,0.0887461196160792,0.001953125,0.00010645389556884766,
32,8,3,8,3,0.0724656333962533,0.6373768666283771,0.11369354174961674,0.001953125,7.700920104980469e-05,
32,8,3,8,5,0.08325446663851228,0.6209426666221892,0.1340775422816423,0.001953125,6.288290023803711e-05,
32,8,3,8,7,0.08316826667093362,0.6052983332968628,0.13740045543813606,0.001953125,8.362531661987305e-05,
32,8,3,8,9,0.20970296670081248,0.8749103665953347,0.23968508627559185,0.001953125,6.985664367675781e-05,
32,8,3,8,11,0.2086652999423677,0.6207873666426167,0.3361300682887366,0.001953125,7.033348083496094e-05,
32,8,8,16,1,0.07307080001434467,0.6080074334022356,0.12018076753677398,0.001953125,9.393692016601562e-05,
32,8,8,16,3,0.10378980005043559,0.6189008333118787,0.1677002105410536,0.001953125,8.690357208251953e-05,
32,8,8,16,5,0.10358943339573064,1.1630673333759962,0.0890657233876951,0.001953125,8.553266525268555e-05,
32,8,8,16,7,0.10803116674651392,0.6173559000065628,0.1749900936321585,0.001953125,7.76052474975586e-05,
32,8,8,16,9,0.14729473332408816,0.6669277000279786,0.2208556239573029,0.001953125,8.022785186767578e-05,
32,8,8,16,11,0.2252477999718394,0.8058585334462501,0.27951283087934586,0.001953125,7.891654968261719e-05,
32,8,16,32,1,0.07299063327081967,0.7022867333337975,0.1039328095012257,0.001953125,8.147954940795898e-05,
32,8,16,32,3,0.13197793329406218,0.6205484332895139,0.2126795044738893,0.001953125,8.416175842285156e-05,
32,8,16,32,5,0.10375673336966429,0.6004604332702002,0.17279528778372474,0.001953125,8.124113082885742e-05,
32,8,16,32,7,0.10538016661788181,0.729581166645706,0.14443926383458275,0.001953125,7.998943328857422e-05,
32,8,16,32,9,0.18248543334872616,0.8703329999358781,0.2096731174874109,0.001953125,7.641315460205078e-05,
32,8,16,32,11,0.20855676666542422,1.008140766740932,0.206872664558181,0.001953125,7.098913192749023e-05,
32,8,32,64,1,0.07278256671270356,0.6144370000887042,0.11845407536036434,0.001953125,8.189678192138672e-05,
32,8,32,64,3,0.10670163331572742,0.6812558667055176,0.15662490193548775,0.001953125,8.118152618408203e-05,
32,8,32,64,5,0.14215629998943768,0.766198933342821,0.18553445300325494,0.001953125,7.43865966796875e-05,
32,8,32,64,7,0.31534423324046656,1.1017004667034296,0.28623409245169645,0.001953125,7.623434066772461e-05,
32,8,32,64,9,0.47696223336970434,1.7650977000206087,0.27021860227008143,0.001953125,7.796287536621094e-05,
32,8,32,64,11,0.5839894999856673,2.0053323000562764,0.291218318265396,0.001953125,7.653236389160156e-05,
64,1,1,1,1,0.06997496663340523,0.546635866703582,0.12801020001739066,0.0009765625,7.808208465576172e-05,
64,1,1,1,3,0.06548203333901863,0.5181664332970589,0.1263725882866645,0.001953125,0.00010377168655395508,
64,1,1,1,5,0.06958116658400589,0.5507863667541338,0.1263305898329657,0.0009765625,8.183717727661133e-05,
64,1,1,1,7,0.06895366677781567,0.5381063000337841,0.1281413482307985,0.0009765625,0.00010824203491210938,
64,1,1,1,9,0.0663583666513053,0.7279975000225628,0.09115191556186479,0.0009765625,8.475780487060547e-05,
64,1,1,1,11,0.0752465666058318,0.5649283334302405,0.1331966590327223,0.001953125,9.191036224365234e-05,
64,1,1,3,1,0.06775369996224374,0.5843725333155211,0.1159426497645833,0.001953125,0.00010478496551513672,
64,1,1,3,3,0.08844963328253168,0.5905128666199744,0.14978443025095609,0.001953125,9.638071060180664e-05,
64,1,1,3,5,0.0684937667150128,0.5991309000819456,0.11432187307589146,0.0009765625,8.893013000488281e-05,
64,1,1,3,7,0.07339273336886738,0.6062477667001076,0.12106062471512995,0.0009765625,5.9545040130615234e-05,
64,1,1,3,9,0.06668633322988171,0.5995564000234784,0.111226121891569,0.001953125,7.37309455871582e-05,
64,1,1,3,11,0.07119956656727784,0.5911808333621593,0.12043618897850965,0.001953125,8.51750373840332e-05,
64,1,3,8,1,0.07140026670337345,0.579608833262076,0.12318698854454671,0.001953125,8.803606033325195e-05,
64,1,3,8,3,0.06738096672052052,0.6301768999643779,0.10692389188548386,0.001953125,7.367134094238281e-05,
64,1,3,8,5,0.08281363334390335,0.5944527000489567,0.13931071948547488,0.001953125,6.979703903198242e-05,
64,1,3,8,7,0.08428390004458682,0.5725133666904488,0.14721734888359056,0.001953125,6.264448165893555e-05,
64,1,3,8,9,0.10252573338220827,0.563588733348297,0.1819158675743923,0.001953125,7.665157318115234e-05,
64,1,3,8,11,0.10331956667262905,0.5927601334406063,0.17430248905729,0.001953125,7.730722427368164e-05,
64,1,8,16,1,0.0706381666532252,0.5862764999619685,0.12048609599362667,0.001953125,7.843971252441406e-05,
64,1,8,16,3,0.10588109992871371,0.5863535333143469,0.1805755298006371,0.001953125,9.143352508544922e-05,
64,1,8,16,5,0.10283899997981887,0.579014333319113,0.1776104563600519,0.001953125,7.069110870361328e-05,
64,1,8,16,7,0.10745573332921292,0.5919990333495662,0.1815133594411834,0.001953125,7.408857345581055e-05,
64,1,8,16,9,0.10613190000488733,0.8899532667176876,0.11925558787634032,0.001953125,9.268522262573242e-05,
64,1,8,16,11,0.10619603332694776,0.583292300022246,0.182063149681382,0.001953125,8.249282836914062e-05,
64,1,16,32,1,0.07434753327591655,0.8234820666984888,0.09028433803542474,0.001953125,7.206201553344727e-05,
64,1,16,32,3,0.1703208333007448,0.8739504666057959,0.19488614035784904,0.001953125,8.219480514526367e-05,
64,1,16,32,5,0.10514003333810251,0.5852124667095874,0.17966130135480934,0.001953125,8.308887481689453e-05,
64,1,16,32,7,0.1072807666787412,0.5917682666525556,0.18128847510799168,0.001953125,8.630752563476562e-05,
64,1,16,32,9,0.11751686664259371,0.6173081332235597,0.19036986606498293,0.001953125,7.82012939453125e-05,
64,1,16,32,11,0.17307236666965764,0.6968049333712164,0.2483799387474413,0.001953125,7.18832015991211e-05,
64,1,32,64,1,0.2096643334274025,1.0356836000331289,0.20244052664413714,0.001953125,8.434057235717773e-05,
64,1,32,64,3,0.11737700006051455,0.7437823999983569,0.15781094048578434,0.001953125,7.933378219604492e-05,
64,1,32,64,5,0.11283629998312487,0.6428207000377976,0.17553308407226176,0.001953125,8.398294448852539e-05,
64,1,32,64,7,0.14582696676370688,0.6691728334165722,0.217921229735468,0.001953125,8.368492126464844e-05,
64,1,32,64,9,0.21735916670877486,0.8549153666535858,0.2542464145422823,0.001953125,7.492303848266602e-05,
64,1,32,64,11,0.30297779994725715,1.1182493333762977,0.27093939688073415,0.001953125,8.219480514526367e-05,
64,2,1,1,1,0.06772829995801051,0.525958933333944,0.12877108014630523,0.00048828125,4.172325134277344e-07,
64,2,1,1,3,0.08222750002460089,0.9023211999495592,0.09112885747248042,0.001953125,1.8596649169921875e-05,
64,2,1,1,5,0.06821689991435657,0.5186363666628798,0.13153126988238836,0.001953125,5.424022674560547e-05,
64,2,1,1,7,0.06577060000078443,0.7120624666034322,0.09236633453594731,0.001953125,9.238719940185547e-05,
64,2,1,1,9,0.06712983340548817,0.5453694332876088,0.12309056816920329,0.0009765625,0.00010448694229125977,
64,2,1,1,11,0.06640846659138333,0.5314790666792154,0.12495029579681538,0.001953125,8.875131607055664e-05,
64,2,1,3,1,0.06972443334234413,0.5590982333766684,0.12470873485191337,0.001953125,7.420778274536133e-05,
64,2,1,3,3,0.08449113338429015,0.5874944999959553,0.1438160414861277,0.001953125,4.76837158203125e-05,
64,2,1,3,5,0.07126100002399956,0.6073168333387002,0.11733743593479047,0.001953125,8.273124694824219e-05,
64,2,1,3,7,0.06939513332326896,0.5902654332506548,0.11756597864981276,0.001953125,7.575750350952148e-05,
64,2,1,3,9,0.07616733334240659,0.6186953999228232,0.12310958405688453,0.001953125,7.301568984985352e-05,
64,2,1,3,11,0.07454323337393969,0.6198669999624448,0.12025681860537173,0.001953125,5.811452865600586e-05,
64,2,3,8,1,0.07349193341118128,0.5850471667751359,0.12561710847397037,0.001953125,9.059906005859375e-05,
64,2,3,8,3,0.06788726665642268,0.5960597334099779,0.1138933949925601,0.001953125,8.571147918701172e-05,
64,2,3,8,5,0.08621643331328717,0.6192526333810141,0.13922659132276935,0.001953125,6.496906280517578e-05,
64,2,3,8,7,0.07204150000082639,0.6806084333220497,0.10584867373622134,0.001953125,6.830692291259766e-05,
64,2,3,8,9,0.10727843340040029,0.7552754666297309,0.14203881648520814,0.001953125,8.779764175415039e-05,
64,2,3,8,11,0.11393973339484849,0.6164584666597269,0.1848295376852063,0.001953125,7.528066635131836e-05,
64,2,8,16,1,0.07590349996462464,0.5958246332738781,0.12739234957030496,0.001953125,9.196996688842773e-05,
64,2,8,16,3,0.1070496332734668,0.6072049000067636,0.17629902735019823,0.001953125,8.32676887512207e-05,
64,2,8,16,5,0.113928033291207,0.5993583334202413,0.1900833390287178,0.001953125,7.444620132446289e-05,
64,2,8,16,7,0.10374003334921629,0.5923403332417365,0.1751358594500428,0.001953125,8.296966552734375e-05,
64,2,8,16,9,0.12472183334466536,0.6152144665975356,0.20272903209582124,0.001953125,6.759166717529297e-05,
64,2,8,16,11,0.10783316671828895,0.7113904666766757,0.15158084310862535,0.001953125,8.821487426757812e-05,
64,2,16,32,1,0.07318099997064564,0.5947205333844371,0.12305107334059416,0.001953125,8.636713027954102e-05,
64,2,16,32,3,0.106806866582095,0.5698239333772411,0.18743836530184058,0.001953125,8.565187454223633e-05,
64,2,16,32,5,0.10342173336539418,0.6072276333725313,0.17031789675148962,0.001953125,7.921457290649414e-05,
64,2,16,32,7,0.16687926666539474,0.8161654333283271,0.2044674521253126,0.001953125,7.617473602294922e-05,
64,2,16,32,9,0.14697279996956544,0.7746907666538997,0.18971802207528687,0.001953125,7.832050323486328e-05,
64,2,16,32,11,0.11672436667140573,0.9625174000878663,0.12126987695053637,0.001953125,7.814168930053711e-05,
64,2,32,64,1,0.07109636668853152,0.6160021666194856,0.1154157737442649,0.001953125,7.712841033935547e-05,
64,2,32,64,3,0.10010513336358902,0.7774061666471729,0.12876812361204476,0.001953125,8.255243301391602e-05,
64,2,32,64,5,0.17411703326312514,0.8732856333760234,0.19938153864962646,0.001953125,8.064508438110352e-05,
64,2,32,64,7,0.27411186674726196,1.0853016666563537,0.2525674429228125,0.001953125,8.094310760498047e-05,
64,2,32,64,9,0.4351161000765084,1.4693222333638307,0.2961338841789416,0.001953125,8.064508438110352e-05,
64,2,32,64,11,0.3334549666760722,1.9877804999850923,0.16775240861783935,0.001953125,7.635354995727539e-05,
64,4,1,1,1,0.07120156660676003,0.5514700333151268,0.12911230403352358,0.001953125,0.0001634359359741211,
64,4,1,1,3,0.06410209995616849,0.5467731333434737,0.1172371063007235,0.0009765625,7.432699203491211e-05,
64,4,1,1,5,0.06631530001565504,0.5888383666994438,0.11262054880588962,0.001953125,8.946657180786133e-05,
64,4,1,1,7,0.06457330006621002,0.5533215666218894,0.1167012167272634,0.0009765625,6.264448165893555e-05,
64,4,1,1,9,0.065676399996543,0.5453521000163164,0.12042935196284753,0.001953125,7.891654968261719e-05,
64,4,1,1,11,0.07259243332858507,0.5640189333159166,0.12870566755943424,0.001953125,9.1552734375e-05,
64,4,1,3,1,0.06724806674659096,0.5831665999721736,0.11531536056728862,0.001953125,4.076957702636719e-05,
64,4,1,3,3,0.07042406662852348,0.5889572332913909,0.11957416030864952,0.001953125,6.145238876342773e-05,
64,4,1,3,5,0.08211163330997806,0.6199535666382872,0.1324480376090589,0.001953125,8.302927017211914e-05,
64,4,1,3,7,0.06807766670438771,0.5897671333514154,0.11543143531503532,0.001953125,8.374452590942383e-05,
64,4,1,3,9,0.07033793335722294,0.5954268999630585,0.11813025807464668,0.001953125,6.407499313354492e-05,
64,4,1,3,11,0.07264563331167058,0.6350698333941788,0.11438999223661829,0.001953125,7.575750350952148e-05,
64,4,3,8,1,0.08099183323793113,0.6271664999076165,0.12913928478300654,0.001953125,9.196996688842773e-05,
64,4,3,8,3,0.07239583331587103,0.5978949332832902,0.12108454058694784,0.001953125,8.827447891235352e-05,
64,4,3,8,5,0.08761169992794748,0.7664680999975341,0.11430573552667013,0.001953125,7.647275924682617e-05,
64,4,3,8,7,0.17341136663162615,0.847435533311606,0.2046307474905728,0.001953125,7.772445678710938e-05,
64,4,3,8,9,0.153018300018933,0.6324651666848998,0.24193949023467431,0.001953125,7.05718994140625e-05,
64,4,3,8,11,0.21045710006243704,1.1203539333412966,0.18784876260913244,0.001953125,7.49826431274414e-05,
64,4,8,16,1,0.08827663332340308,0.6279019333305769,0.14058984156197418,0.001953125,8.71419906616211e-05,
64,4,8,16,3,0.10526760003510087,0.603449099920302,0.17444321327018905,0.001953125,7.933378219604492e-05,
64,4,8,16,5,0.14916876668091086,0.6110839332298686,0.24410520154323667,0.001953125,7.653236389160156e-05,
64,4,8,16,7,0.10705496667166396,0.6586356665745067,0.16254049409204535,0.001953125,8.749961853027344e-05,
64,4,8,16,9,0.12485513325373176,0.858017766586272,0.14551579013390722,0.001953125,6.985664367675781e-05,
64,4,8,16,11,0.407787833319162,1.1754752666699158,0.3469131549440526,0.001953125,7.903575897216797e-05,
64,4,16,32,1,0.07634936664544512,0.6274804333467424,0.12167609153679355,0.001953125,8.70823860168457e-05,
64,4,16,32,3,0.1280052999694211,0.7761197333214417,0.1649298355314537,0.001953125,7.778406143188477e-05,
64,4,16,32,5,0.10576923329305525,1.073565833333608,0.09852142272879852,0.001953125,7.432699203491211e-05,
64,4,16,32,7,0.17467030011175666,0.962100266648728,0.18155103596445676,0.001953125,8.684396743774414e-05,
64,4,16,32,9,0.1638488666988754,1.2141169666089506,0.13495311506642402,0.001953125,6.902217864990234e-05,
64,4,16,32,11,0.21983920002336768,1.6166828666124882,0.13598164770806728,0.001953125,7.236003875732422e-05,
64,4,32,64,1,0.07557853338463853,0.8073968000341362,0.09360767020806018,0.001953125,7.94529914855957e-05,
64,4,32,64,3,0.14364783334409972,1.0943241000253086,0.1312662613761111,0.001953125,7.927417755126953e-05,
64,4,32,64,5,0.21575376667897217,1.1419702333417565,0.1889311650861601,0.001953125,7.492303848266602e-05,
64,4,32,64,7,0.31806563335218624,1.8680574000124277,0.17026544973942997,0.001953125,7.659196853637695e-05,
64,4,32,64,9,0.4611641333516066,2.6828598999903384,0.17189273780314335,0.001953125,7.915496826171875e-05,
64,4,32,64,11,0.6474527332708627,3.6902007000511126,0.17545190245665904,0.001953125,7.665157318115234e-05,
64,8,1,1,1,0.06796006661412927,0.5696222000551643,0.119307264723088,0.000244140625,8.52346420288086e-06,
64,8,1,1,3,0.10204953335536023,0.7591484666287821,0.13442631822539355,0.001953125,0.00011289119720458984,
64,8,1,1,5,0.07070729989209212,0.5575562667218037,0.12681643829029365,0.0009765625,8.64863395690918e-05,
64,8,1,1,7,0.06710213322852117,0.547171199893152,0.12263462192751452,0.001953125,9.894371032714844e-05,
64,8,1,1,9,0.07071296665041397,0.7306530666634595,0.09678049662246135,0.001953125,8.618831634521484e-05,
64,8,1,1,11,0.11724266660166904,0.5936735000432236,0.19748677782170326,0.001953125,9.08970832824707e-05,
64,8,1,3,1,0.06758003328286577,0.5495815000661727,0.12296635398886017,0.00390625,0.00012230873107910156,
64,8,1,3,3,0.06942153340787627,0.6134765666502062,0.11316085598336999,0.001953125,7.003545761108398e-05,
64,8,1,3,5,0.1398058666381985,0.7871133665806459,0.17761846332954415,0.001953125,7.152557373046875e-05,
64,8,1,3,7,0.08840323340943239,0.6810328000331841,0.1298076001701017,0.0009765625,7.903575897216797e-05,
64,8,1,3,9,0.09074303343368229,0.6832756999453219,0.13280588412692543,0.001953125,9.995698928833008e-05,
64,8,1,3,11,0.671051700070772,0.6093015332832389,1.1013458253662856,0.001953125,9.268522262573242e-05,
64,8,3,8,1,0.07054633327546374,0.6390709332966557,0.11038889362648614,0.001953125,8.83340835571289e-05,
64,8,3,8,3,0.06818116659511968,0.7841246332342658,0.08695195088297883,0.001953125,8.308887481689453e-05,
64,8,3,8,5,0.12782779995177407,0.6054221667000093,0.2111382882601218,0.001953125,7.367134094238281e-05,
64,8,3,8,7,0.1058557333938855,0.6655363333265996,0.15905327492006177,0.001953125,6.949901580810547e-05,
64,8,3,8,9,0.4516037000333502,0.7288693333975971,0.6195948702193526,0.001953125,8.052587509155273e-05,
64,8,3,8,11,0.6428863666466592,1.0823862333685004,0.5939528301703625,0.001953125,6.80685043334961e-05,
64,8,8,16,1,0.07338739997067023,0.6186513333280649,0.11862481500828448,0.001953125,8.815526962280273e-05,
64,8,8,16,3,0.10066983328821759,0.7048590666575668,0.14282264079483678,0.001953125,7.748603820800781e-05,
64,8,8,16,5,0.30808849999933346,1.1886951332902147,0.25918209923731134,0.001953125,9.059906005859375e-05,
64,8,8,16,7,0.1043755666614743,1.0325120333921707,0.1010889590492842,0.001953125,7.730722427368164e-05,
64,8,8,16,9,0.11895159999160872,1.409538933391256,0.08439043234188584,0.001953125,8.362531661987305e-05,
64,8,8,16,11,0.15120233341197795,1.9587438666349044,0.07719351977946025,0.001953125,7.069110870361328e-05,
64,8,16,32,1,0.07841759991909687,0.6653827667226627,0.11785336777707982,0.001953125,8.618831634521484e-05,
64,8,16,32,3,0.2442508666717913,0.7233037000939172,0.3376878434882562,0.001953125,7.331371307373047e-05,
64,8,16,32,5,0.16374266657900685,1.0666824000509223,0.15350648568982664,0.001953125,7.724761962890625e-05,
64,8,16,32,7,0.41564910000791616,1.5122161666416407,0.2748609022815818,0.001953125,7.981061935424805e-05,
64,8,16,32,9,0.3185617000175019,2.201548266627166,0.14469893976276405,0.001953125,8.26716423034668e-05,
64,8,16,32,11,0.42494383330146474,3.0311338666554852,0.14019302742651296,0.001953125,8.034706115722656e-05,
64,8,32,64,1,0.12362046654743608,0.8182758333229382,0.15107432177903318,0.001953125,8.26120376586914e-05,
64,8,32,64,3,0.2338231000370191,1.127499599897419,0.20738198049763612,0.001953125,7.492303848266602e-05,
64,8,32,64,5,0.37364966665336397,1.9970756333350437,0.18709840549673254,0.001953125,8.356571197509766e-05,
64,8,32,64,7,0.6602116334155047,3.316679966640853,0.19905798571339695,0.001953125,7.849931716918945e-05,
64,8,32,64,9,0.987267400099275,5.067980900033338,0.19480487783463837,0.001953125,7.104873657226562e-05,
64,8,32,64,11,2.3302086666565933,7.2898911999800475,0.3196493065168066,0.001953125,7.575750350952148e-05,
112,1,1,1,1,0.06732419994174658,0.5376588332486184,0.12521732328838212,0.0009765625,6.526708602905273e-05,
112,1,1,1,3,0.0673168666253332,0.5366900000808528,0.12542970171829523,0.001953125,0.00010281801223754883,
112,1,1,1,5,0.0693680999878173,0.5536571999982698,0.12529070332334535,0.001953125,5.626678466796875e-05,
112,1,1,1,7,0.06784483339288272,0.5417426000349224,0.1252344441594758,0.001953125,5.9485435485839844e-05,
112,1,1,1,9,0.06824963335626914,0.5676943333431458,0.12022250240608849,0.0009765625,8.630752563476562e-05,
112,1,1,1,11,0.06916670002586518,0.5407139666203875,0.12791735426805464,0.001953125,9.691715240478516e-05,
112,1,1,3,1,0.0665781333130629,0.5882976332941325,0.11317083317208533,0.001953125,7.480382919311523e-05,
112,1,1,3,3,0.08390870001070046,0.7871915666328277,0.10659247833359761,0.001953125,9.66787338256836e-05,
112,1,1,3,5,0.250545499996709,0.7984503333621736,0.3137897118054839,0.001953125,6.663799285888672e-05,
112,1,1,3,7,0.06789593341333482,0.5955530000695338,0.11400485499259952,0.001953125,7.492303848266602e-05,
112,1,1,3,9,0.07213800005653563,0.6149195666997306,0.11731290393587541,0.001953125,9.018182754516602e-05,
112,1,1,3,11,0.07068090005001675,0.6051434667218322,0.11680023653383804,0.001953125,8.499622344970703e-05,
112,1,3,8,1,0.07247229999241729,0.5737082666504042,0.1263225653267066,0.001953125,9.387731552124023e-05,
112,1,3,8,3,0.06907019997015595,0.6310712332682064,0.10944913399467379,0.001953125,7.992982864379883e-05,
112,1,3,8,5,0.08306043334111261,0.9854928666754859,0.08428314009142766,0.001953125,9.042024612426758e-05,
112,1,3,8,7,0.4851407666137675,0.8459599333339914,0.573479602871724,0.001953125,8.064508438110352e-05,
112,1,3,8,9,0.13070089989923872,0.6151934666074036,0.2124549544064774,0.001953125,5.316734313964844e-05,
112,1,3,8,11,0.10632159998446393,0.6154008333396632,0.17276804681507635,0.001953125,8.589029312133789e-05,
112,1,8,16,1,0.13051553335875118,0.8641806332889246,0.15102807021031153,0.001953125,8.434057235717773e-05,
112,1,8,16,3,0.10192090000297564,0.6055992333131144,0.16829760408609903,0.001953125,7.492303848266602e-05,
112,1,8,16,5,0.10144633330734602,0.6100776999422427,0.16628428365263992,0.001953125,8.26120376586914e-05,
112,1,8,16,7,0.1030410333138813,0.6480968666437548,0.15899017356385522,0.001953125,8.589029312133789e-05,
112,1,8,16,9,0.1091960667205664,0.8146705333880769,0.13403708891548885,0.001953125,7.921457290649414e-05,
112,1,8,16,11,0.17461163333791774,1.0474467000070338,0.16670216569181534,0.001953125,8.761882781982422e-05,
112,1,16,32,1,0.0800126334070228,0.6132840999877468,0.13046585327847474,0.001953125,8.153915405273438e-05,
112,1,16,32,3,0.10359809991011086,0.6048066666456483,0.171291266487987,0.001953125,7.849931716918945e-05,
112,1,16,32,5,0.10437223330275931,0.8879355333192507,0.11754483223866326,0.001953125,7.861852645874023e-05,
112,1,16,32,7,0.41541930004314054,0.9317028999551743,0.44587099606873287,0.001953125,8.702278137207031e-05,
112,1,16,32,9,0.1336391333704038,1.0259394333843375,0.13026025613379452,0.001953125,7.814168930053711e-05,
112,1,16,32,11,0.18329239998517247,1.3947089999419404,0.13141981588474919,0.001953125,7.510185241699219e-05,
112,1,32,64,1,0.0808492334423742,0.6642006334004691,0.12172411373421177,0.001953125,8.124113082885742e-05,
112,1,32,64,3,0.12352726662356872,0.7651894666196313,0.1614335690861947,0.001953125,8.320808410644531e-05,
112,1,32,64,5,0.18933960006203657,0.9842859333730303,0.19236239556242807,0.001953125,7.998943328857422e-05,
112,1,32,64,7,0.2974766333257624,1.512918599958842,0.19662434802100726,0.001953125,8.45789909362793e-05,
112,1,32,64,9,0.4451878999437516,2.1937608666727706,0.20293365001945649,0.001953125,8.13603401184082e-05,
112,1,32,64,11,0.9748463333380641,2.983618066597652,0.3267329502565063,0.001953125,8.207559585571289e-05,
112,2,1,1,1,0.06619003324885853,0.5434197665939186,0.12180277074521724,0.00048828125,4.118680953979492e-05,
112,2,1,1,3,0.06487356671035134,0.5508442332939012,0.11777116431341172,0.0009765625,9.393692016601562e-05,
112,2,1,1,5,0.0676778666578078,0.5597815000025245,0.12090050610372545,0.001953125,8.273124694824219e-05,
112,2,1,1,7,0.06833943334640935,0.7724414666881785,0.0884719895209831,0.001953125,9.441375732421875e-05,
112,2,1,1,9,0.0699682333409631,0.7217482666116363,0.09694271060662225,0.001953125,9.167194366455078e-05,
112,2,1,1,11,0.21557043328357395,0.5685306333665116,0.37917118380603304,0.001953125,2.7060508728027344e-05,
112,2,1,3,1,0.06575753335103703,1.2490093666807904,0.052647750373390666,0.00390625,0.00010585784912109375,
112,2,1,3,3,0.08302033335591356,0.5949462666952362,0.13954257384800278,0.001953125,5.91278076171875e-05,
112,2,1,3,5,0.06760573329908463,0.5988147999839081,0.11289923579193667,0.001953125,6.783008575439453e-05,
112,2,1,3,7,0.07251573333633132,0.6335167666596438,0.11446537353492069,0.001953125,9.876489639282227e-05,
112,2,1,3,9,0.07436123341904022,0.6193813666565499,0.12005726588199722,0.001953125,5.46574592590332e-05,
112,2,1,3,11,0.09215270001732279,0.8821397999175437,0.10446496125210152,0.001953125,8.58306884765625e-05,
112,2,3,8,1,0.07502416665374767,0.5901809000836996,0.12712062800254587,0.001953125,8.565187454223633e-05,
112,2,3,8,3,0.07169383340321171,0.5994551999416823,0.11959831762271211,0.001953125,8.487701416015625e-05,
112,2,3,8,5,0.08245426664264717,0.6345464666082989,0.12994204677140786,0.001953125,8.147954940795898e-05,
112,2,3,8,7,0.11467580006865319,0.6519385666858094,0.17589970271527014,0.001953125,7.790327072143555e-05,
112,2,3,8,9,0.10529630004991002,0.649619499987845,0.16208919229161103,0.001953125,7.236003875732422e-05,
112,2,3,8,11,0.113409400000819,0.7917803000358011,0.14323341966918232,0.001953125,7.766485214233398e-05,
112,2,8,16,1,0.07463273335209426,0.7280206998984795,0.10251457597634461,0.001953125,8.082389831542969e-05,
112,2,8,16,3,0.10813973337159648,0.6132109666699156,0.17634996640529238,0.001953125,8.410215377807617e-05,
112,2,8,16,5,0.22456216671950338,0.6259876000209866,0.35873261181527366,0.001953125,7.659196853637695e-05,
112,2,8,16,7,0.11265059996124667,0.8505071999631278,0.13245108326670302,0.001953125,7.855892181396484e-05,
112,2,8,16,9,0.14638533333103018,1.162484199934018,0.12592457887972922,0.001953125,6.723403930664062e-05,
112,2,8,16,11,0.1790707666562715,1.5461991665991566,0.11581351906309402,0.001953125,8.231401443481445e-05,
112,2,16,32,1,0.08177366665525672,0.7004733998959031,0.11674057382822682,0.001953125,7.843971252441406e-05,
112,2,16,32,3,0.10846969998965506,0.6782727332999153,0.15992047839212262,0.001953125,8.195638656616211e-05,
112,2,16,32,5,0.1288881332584424,0.9070828000403708,0.1420908138184365,0.001953125,8.26120376586914e-05,
112,2,16,32,7,0.1997767666277165,1.2803615999776714,0.15603152002621798,0.001953125,7.700920104980469e-05,
112,2,16,32,9,0.2525352666755983,1.7619350666791433,0.1433283617832587,0.001953125,8.64863395690918e-05,
112,2,16,32,11,0.3475771332887234,2.4117569665880487,0.1441178104195326,0.001953125,8.07642936706543e-05,
112,2,32,64,1,0.08721863329507566,0.8267192000251574,0.10549970690461956,0.001953125,8.368492126464844e-05,
112,2,32,64,3,0.1904205333024341,1.123946866694799,0.16942129467597125,0.001953125,7.855892181396484e-05,
112,2,32,64,5,0.3214661999663804,1.68277193333779,0.19103373047632777,0.001953125,8.082389831542969e-05,
112,2,32,64,7,0.5143518666348731,2.7449631666968344,0.18738024352210927,0.001953125,8.058547973632812e-05,
112,2,32,64,9,0.7431502333929529,4.016181000042707,0.18503902921333737,0.001953125,7.43865966796875e-05,
112,2,32,64,11,1.8642390333601118,5.647243033308769,0.3301148936506524,0.001953125,7.891654968261719e-05,
112,4,1,1,1,0.07054633339672971,0.5480415666776631,0.12872442107702814,0.001953125,0.0001823902130126953,
112,4,1,1,3,0.0654499667386214,0.5623156666842988,0.11639363904717066,0.001953125,4.953145980834961e-05,
112,4,1,1,5,0.06711613338363047,0.5548284334508935,0.120967364571035,0.001953125,8.779764175415039e-05,
112,4,1,1,7,0.06915133332465,0.5501163332761886,0.12570310885485422,0.001953125,6.020069122314453e-05,
112,4,1,1,9,0.06926623330703781,0.548204200094915,0.12635115399525432,0.001953125,9.238719940185547e-05,
112,4,1,1,11,0.06705669996639092,0.5982743000155702,0.11208353754230418,0.001953125,9.34600830078125e-05,
112,4,1,3,1,0.06648730001567553,0.6592226000066148,0.10085713083108555,0.00390625,0.00010991096496582031,
112,4,1,3,3,0.11691106665239204,0.8581094333446041,0.13624260742212616,0.001953125,9.709596633911133e-05,
112,4,1,3,5,0.1415869000387223,0.6999506999515385,0.20228124644853582,0.001953125,9.47713851928711e-05,
112,4,1,3,7,0.2279118667502189,1.0737756333886257,0.2122527832290007,0.001953125,9.143352508544922e-05,
112,4,1,3,9,0.12519010003112876,0.6122131000059502,0.20448778379605406,0.001953125,8.285045623779297e-05,
112,4,1,3,11,0.17000153323654862,0.6137069667602191,0.2770076639898562,0.001953125,8.291006088256836e-05,
112,4,3,8,1,0.08333059995493386,0.6080592000216711,0.13704356410027835,0.001953125,6.842613220214844e-05,
112,4,3,8,3,0.07133516664907802,0.6095677332875008,0.11702582461895666,0.001953125,8.803606033325195e-05,
112,4,3,8,5,0.1774132666469086,0.7140618666502027,0.2484564362457658,0.001953125,7.832050323486328e-05,
112,4,3,8,7,0.164164066760956,0.7485273667649986,0.21931605182378797,0.001953125,9.846687316894531e-05,
112,4,3,8,9,0.4368379999505123,0.9313435667233231,0.469040658634071,0.001953125,8.291006088256836e-05,
112,4,3,8,11,0.6200878999758667,1.2496319999627303,0.4962164061054458,0.001953125,6.824731826782227e-05,
112,4,8,16,1,0.23032310006480353,0.7753671665947574,0.2970503652822083,0.001953125,8.45789909362793e-05,
112,4,8,16,3,0.12380329996328025,0.748095733312463,0.1654912525902221,0.001953125,7.718801498413086e-05,
112,4,8,16,5,0.4184123667073436,1.2613894666477183,0.33170751601352805,0.001953125,7.539987564086914e-05,
112,4,8,16,7,0.41287883335220005,1.4668422999723891,0.2814745888906884,0.001953125,6.80685043334961e-05,
112,4,8,16,9,0.33497676655921776,2.0659219667625925,0.16214395894349476,0.001953125,7.289648056030273e-05,
112,4,8,16,11,0.3453447000841455,2.884750466667659,0.1197138900138815,0.001953125,7.098913192749023e-05,
112,4,16,32,1,0.09317430000616393,0.8078062333273314,0.11534238801597456,0.001953125,8.338689804077148e-05,
112,4,16,32,3,0.21098806670731088,1.0857662000489654,0.1943218224124087,0.001953125,8.302927017211914e-05,
112,4,16,32,5,0.23099703333476404,1.5042816665906382,0.1535596946137784,0.001953125,8.130073547363281e-05,
112,4,16,32,7,0.373295666698444,2.233940533308972,0.16710188168953116,0.001953125,8.231401443481445e-05,
112,4,16,32,9,0.47905690007610247,3.24747806674471,0.1475165929469423,0.001953125,7.56382942199707e-05,
112,4,16,32,11,0.6481737332554379,4.541246900043916,0.14273034422532055,0.001953125,8.255243301391602e-05,
112,4,32,64,1,0.15438520010017479,1.2923448000947246,0.11946130791787057,0.001953125,7.838010787963867e-05,
112,4,32,64,3,0.38955789993148454,1.846470300006331,0.21097436548540688,0.001953125,8.344650268554688e-05,
112,4,32,64,5,0.6290109333349392,3.1315604332727767,0.2008618216821584,0.001953125,8.296966552734375e-05,
112,4,32,64,7,0.9828281332981229,5.146841266590248,0.19095753733031692,0.001953125,8.779764175415039e-05,
112,4,32,64,9,1.4092595333446905,7.714218766705017,0.18268337675710344,0.001953125,7.724761962890625e-05,
112,4,32,64,11,3.437276499971631,11.285920733280363,0.30456323247386063,0.001953125,8.314847946166992e-05,
112,8,1,1,1,0.06797713334284101,0.5196746333240299,0.13080710310609986,0.001953125,0.00011473894119262695,
112,8,1,1,3,0.06696486670989543,0.5440776665636804,0.1230796094477399,0.001953125,7.480382919311523e-05,
112,8,1,1,5,0.06734160003058302,0.5392241334144879,0.12488610182218836,0.001953125,9.906291961669922e-05,
112,8,1,1,7,0.06819083331113991,0.6014847000187729,0.11337085267341233,0.001953125,9.047985076904297e-05,
112,8,1,1,9,0.07149880002543796,0.7467023666928677,0.09575274328124196,0.001953125,0.00010246038436889648,
112,8,1,1,11,0.07528733331128024,0.9330918333337953,0.08068587744712119,0.001953125,8.89897346496582e-05,
112,8,1,3,1,0.06788693329629798,0.5985641999965688,0.11341629401940032,0.00390625,8.225440979003906e-05,
112,8,1,3,3,0.08397783337083335,0.6710014666168718,0.1251529803567225,0.001953125,8.678436279296875e-05,
112,8,1,3,5,0.10730616668297444,0.7013143333703434,0.15300723452675993,0.001953125,8.034706115722656e-05,
112,8,1,3,7,0.1676534332849163,0.7490029332984705,0.22383548292207825,0.001953125,6.091594696044922e-05,
112,8,1,3,9,0.25063803332159296,1.0998358667469195,0.22788676101546582,0.001953125,7.665157318115234e-05,
112,8,1,3,11,0.32660126671544276,0.9113121667420879,0.3583857196629251,0.001953125,7.265806198120117e-05,
112,8,3,8,1,0.0778701999176216,0.6525878000199251,0.11932524622011634,0.001953125,6.0558319091796875e-05,
112,8,3,8,3,0.12948493337413916,0.7130208000792967,0.18160049939600478,0.001953125,8.416175842285156e-05,
112,8,3,8,5,0.3332656334047594,0.8752872333085785,0.3807500220756312,0.001953125,8.147954940795898e-05,
112,8,3,8,7,0.2916408999832735,1.123685866574912,0.25953952849137385,0.001953125,6.93202018737793e-05,
112,8,3,8,9,1.3318051333044423,1.5429137999793359,0.8631753331406324,0.001953125,7.325410842895508e-05,
112,8,3,8,11,1.9230757333086028,2.155135000066366,0.8923226309485869,0.001953125,6.854534149169922e-05,
112,8,8,16,1,0.13138703325239476,0.7193151666191019,0.1826557249862187,0.001953125,7.551908493041992e-05,
112,8,8,16,3,0.18445429996063467,0.9741204333598338,0.18935471800384507,0.001953125,8.26716423034668e-05,
112,8,8,16,5,0.8202709334000247,1.6343256999486282,0.5019017527692358,0.001953125,7.659196853637695e-05,
112,8,8,16,7,0.26750943337295513,2.5651192332588835,0.10428732898824936,0.001953125,8.696317672729492e-05,
112,8,8,16,9,0.3444275000219932,3.8982802999574537,0.08835370304843197,0.001953125,7.253885269165039e-05,
112,8,8,16,11,0.43591896671083913,5.494021966660512,0.07934423439806672,0.001953125,8.916854858398438e-05,
112,8,16,32,1,0.16763843341323081,1.3498033333841402,0.12419470990113686,0.001953125,8.392333984375e-05,
112,8,16,32,3,0.31262173324648757,1.703092000025208,0.18356127164114466,0.001953125,8.118152618408203e-05,
112,8,16,32,5,0.46615430001111235,2.849034499983342,0.16361834158689126,0.001953125,7.933378219604492e-05,
112,8,16,32,7,0.6272021999999803,4.209187100059353,0.14900791651460119,0.001953125,8.779764175415039e-05,
112,8,16,32,9,0.9357786333566764,6.193339166687413,0.15109436253548336,0.001953125,8.362531661987305e-05,
112,8,16,32,11,1.2188917000457877,8.798047299933387,0.13854116242987422,0.001953125,7.826089859008789e-05,
112,8,32,64,1,0.30133806673499447,1.981827666653165,0.15205059037443086,0.001953125,8.362531661987305e-05,
112,8,32,64,3,0.6650290333103234,3.327023300031821,0.1998870982670794,0.001953125,8.171796798706055e-05,
112,8,32,64,5,1.1394513666649193,5.9331977999439305,0.19204675203575503,0.001953125,7.551908493041992e-05,
112,8,32,64,7,1.988080866673651,10.032281066742144,0.19816837800371306,0.001953125,8.195638656616211e-05,
112,8,32,64,9,2.992739700008921,15.284059999976307,0.1958079005194667,0.001953125,8.034706115722656e-05,
112,8,32,64,11,6.846538866617872,22.52401849994688,0.3039661358222565,0.001953125,7.832050323486328e-05,
224,1,1,1,1,0.06702096664715403,0.5831458999940272,0.11493001433747622,0.001953125,0.00011265277862548828,
224,1,1,1,3,0.06895663330700093,0.5448177333164494,0.12656826143900216,0.001953125,2.3305416107177734e-05,
224,1,1,1,5,0.0641685333296967,0.5578224332566606,0.11503397766753495,0.001953125,2.5391578674316406e-05,
224,1,1,1,7,0.07127870000355567,0.5446123333967989,0.1308797021892318,0.001953125,3.731250762939453e-05,
224,1,1,1,9,0.06799113337668435,0.5529351667064475,0.1229640244835083,0.001953125,8.976459503173828e-05,
224,1,1,1,11,0.0677430000602423,0.6011470999510493,0.11268955645924023,0.001953125,2.1398067474365234e-05,
224,1,1,3,1,0.06590116669637307,0.5708582333075659,0.11544226368522387,0.001953125,9.799003601074219e-05,
224,1,1,3,3,0.07985200002925315,0.6034120334030982,0.1323341193229229,0.001953125,9.930133819580078e-05,
224,1,1,3,5,0.0703619666940843,0.6441227666073246,0.10923688827937197,0.001953125,9.894371032714844e-05,
224,1,1,3,7,0.11893056665333764,0.9651912667322904,0.12321968790287939,0.001953125,7.718801498413086e-05,
224,1,1,3,9,0.15298109998790702,0.6133278666917855,0.24942792965378877,0.001953125,6.824731826782227e-05,
224,1,1,3,11,0.17180399991048034,0.616872233392011,0.27850823981130957,0.001953125,7.361173629760742e-05,
224,1,3,8,1,0.07389536670719583,0.6190806667291326,0.11936306636357519,0.001953125,9.34600830078125e-05,
224,1,3,8,3,0.11551843332805826,0.6372858333634213,0.18126628159672623,0.001953125,7.385015487670898e-05,
224,1,3,8,5,0.11235076672164723,0.6119112000305904,0.18360632509427943,0.001953125,8.845329284667969e-05,
224,1,3,8,7,0.14260116671115006,0.8441866666544229,0.16892136815698539,0.001953125,8.124113082885742e-05,
224,1,3,8,9,0.15685260004829615,1.004940333344469,0.15608150538279858,0.001953125,8.0108642578125e-05,
224,1,3,8,11,0.20706059998095347,1.2425640000098308,0.1666397867468519,0.001953125,5.322694778442383e-05,
224,1,8,16,1,0.1270075333498729,0.8114758666730874,0.15651424591415405,0.001953125,9.065866470336914e-05,
224,1,8,16,3,0.11683220000122674,0.7772487333568279,0.15031507288103887,0.001953125,7.587671279907227e-05,
224,1,8,16,5,0.41019576662317075,1.087887366641856,0.37705720206070886,0.001953125,8.821487426757812e-05,
224,1,8,16,7,0.21254540006339084,1.522124366723195,0.13963734154059645,0.001953125,7.987022399902344e-05,
224,1,8,16,9,0.2831461000217435,2.1429331666392195,0.1321301589940875,0.001953125,7.611513137817383e-05,
224,1,8,16,11,0.34080233332739834,2.9607808333821595,0.1151055591433605,0.001953125,6.914138793945312e-05,
224,1,16,32,1,0.08698489994761378,0.9812546332492881,0.08864661322370056,0.001953125,8.368492126464844e-05,
224,1,16,32,3,0.1650962333466547,1.1612338332876486,0.14217311674362731,0.001953125,8.112192153930664e-05,
224,1,16,32,5,0.22689726671766644,1.6918797333346447,0.13410957188455627,0.001953125,8.565187454223633e-05,
224,1,16,32,7,0.3657039000245277,2.4106621333582248,0.1517026774362096,0.001953125,8.094310760498047e-05,
224,1,16,32,9,0.47597766667119384,3.444891000011315,0.13816915155505077,0.001953125,7.975101470947266e-05,
224,1,16,32,11,0.6376196666678879,4.770595033308685,0.13365621315915002,0.001953125,7.903575897216797e-05,
224,1,32,64,1,0.14982023337021624,1.5570916333672358,0.09621799395725195,0.001953125,8.577108383178711e-05,
224,1,32,64,3,0.38271956667207024,2.14505513322365,0.1784194544673117,0.001953125,8.052587509155273e-05,
224,1,32,64,5,0.9444355666346382,3.376735033331594,0.2796889768703078,0.001953125,7.319450378417969e-05,
224,1,32,64,7,1.621201666663789,5.673203799960902,0.28576475018841413,0.001953125,8.350610733032227e-05,
224,1,32,64,9,2.5107838333497057,8.014236300004995,0.313290467034038,0.001953125,7.939338684082031e-05,
224,1,32,64,11,3.5776167333096964,11.864045900074416,0.30155115408709404,0.001953125,7.87973403930664e-05,
224,2,1,1,1,0.0686310333549045,0.5736693333650086,0.11963517894939772,0.001953125,0.0001245737075805664,
224,2,1,1,3,0.25596313341035665,0.8078081333223963,0.3168612976915915,0.0009765625,7.599592208862305e-05,
224,2,1,1,5,0.0689970333041856,0.6247860333436014,0.11043305967475213,0.001953125,1.817941665649414e-05,
224,2,1,1,7,0.06997823341710803,0.6279272000635198,0.11144322687411723,0.001953125,8.112192153930664e-05,
224,2,1,1,9,0.0701933000527788,0.8057476999965729,0.08711573120603056,0.001953125,0.00010013580322265625,
224,2,1,1,11,0.11851843337353785,0.9619974333569795,0.12320036339385725,0.001953125,7.808208465576172e-05,
224,2,1,3,1,0.07460486667696387,0.6975685332387608,0.10694987391500992,0.001953125,0.00011599063873291016,
224,2,1,3,3,0.08696483334157772,0.6749790999795854,0.128840779431849,0.001953125,9.620189666748047e-05,
224,2,1,3,5,0.09411143340306201,0.6911328000569483,0.1361698263999442,0.001953125,8.803606033325195e-05,
224,2,1,3,7,0.16659510001773015,0.7081430000350034,0.23525629711724239,0.001953125,9.572505950927734e-05,
224,2,1,3,9,0.2558816665744719,1.353634566718635,0.18903304692843237,0.001953125,7.814168930053711e-05,
224,2,1,3,11,0.33824343324037426,1.2287086333041468,0.27528367919967855,0.001953125,8.350610733032227e-05,
224,2,3,8,1,0.09131860000100762,0.8218213667229671,0.11111733485969437,0.001953125,8.988380432128906e-05,
224,2,3,8,3,0.25774116669102415,0.8105416333516283,0.3179863391165388,0.001953125,8.720159530639648e-05,
224,2,3,8,5,0.19596786672385255,1.0062062000846101,0.1947591524554052,0.001953125,8.678436279296875e-05,
224,2,3,8,7,0.27117140004217316,1.2829349333818147,0.21136800704877973,0.001953125,8.100271224975586e-05,
224,2,3,8,9,0.38774476658242446,1.7173344000184443,0.2257829148349093,0.001953125,8.285045623779297e-05,
224,2,3,8,11,0.5192992666707141,2.4781089333070363,0.20955465665414041,0.001953125,8.338689804077148e-05,
224,2,8,16,1,0.11490556668528977,1.0267676999016355,0.11190999356163789,0.001953125,9.423494338989258e-05,
224,2,8,16,3,0.17487013331750254,1.2534996666848504,0.13950552837399968,0.001953125,7.68899917602539e-05,
224,2,8,16,5,0.8298791999550303,1.902452966654285,0.43621535696332225,0.001953125,9.053945541381836e-05,
224,2,8,16,7,0.4238125999108888,2.9571803000483974,0.14331645584949712,0.001953125,8.0108642578125e-05,
224,2,8,16,9,0.5740478667576099,4.1430588332635425,0.13855653271170779,0.001953125,8.034706115722656e-05,
224,2,8,16,11,0.6588206333011234,5.77734276666888,0.11403523382791919,0.001953125,8.159875869750977e-05,
224,2,16,32,1,0.17046576673844052,1.5398629666985169,0.11070190687416881,0.001953125,8.875131607055664e-05,
224,2,16,32,3,0.34137336660933215,2.09419543328598,0.1630093166967167,0.001953125,8.636713027954102e-05,
224,2,16,32,5,0.46771583329245914,3.066217066710427,0.15253839604847197,0.001953125,8.118152618408203e-05,
224,2,16,32,7,0.7194150667298042,4.682268066608231,0.15364670636018035,0.001953125,8.589029312133789e-05,
224,2,16,32,9,0.933052133283733,6.716310133318378,0.13892332467719637,0.001953125,7.700920104980469e-05,
224,2,16,32,11,1.257605166635282,9.551675733261314,0.13166330199589876,0.001953125,8.171796798706055e-05,
224,2,32,64,1,0.2992464000271866,2.7896715666429373,0.10726940174799743,0.001953125,8.511543273925781e-05,
224,2,32,64,3,0.7703931332798675,4.186696433316683,0.18400979042790672,0.001953125,8.130073547363281e-05,
224,2,32,64,5,1.2034633999671012,6.942367000010563,0.17335058777003146,0.001953125,7.683038711547852e-05,
224,2,32,64,7,1.8673952334211208,10.893745433349977,0.17141902616012122,0.001953125,8.344650268554688e-05,
224,2,32,64,9,2.965972200036049,16.3622192000427,0.18126955541753828,0.001953125,7.62939453125e-05,
224,2,32,64,11,6.825068433317938,23.149754633292712,0.29482249559148666,0.001953125,7.992982864379883e-05,
224,4,1,1,1,0.07062980002956465,0.5741354666194335,0.1230193989677034,0.001953125,9.554624557495117e-05,
224,4,1,1,3,0.06603710001703196,0.6534156667233523,0.10106445771064013,0.001953125,0.00011801719665527344,
224,4,1,1,5,0.06794069995521568,0.6728770999567738,0.10097044461697426,0.001953125,7.796287536621094e-05,
224,4,1,1,7,0.07119956656727784,0.9485399000065323,0.0750622789476621,0.001953125,9.423494338989258e-05,
224,4,1,1,9,0.09602373332503096,1.2171954667185976,0.07888932874840439,0.001953125,1.4066696166992188e-05,
224,4,1,1,11,0.13852176671207417,1.4811203665885841,0.09352498948557894,0.001953125,9.97781753540039e-05,
224,4,1,3,1,0.0684332999905261,0.7023893333098385,0.09742929846051455,0.00390625,9.512901306152344e-05,
224,4,1,3,3,0.13783976670917278,0.7868320666602813,0.175183209416255,0.001953125,9.697675704956055e-05,
224,4,1,3,5,0.17474756665857663,0.7728906000314358,0.22609612104412852,0.001953125,6.407499313354492e-05,
224,4,1,3,7,0.3215812666894635,1.241371366753204,0.2590532336270624,0.001953125,9.894371032714844e-05,
224,4,1,3,9,0.45556029993652675,1.2724216666053205,0.35802620459294043,0.001953125,8.255243301391602e-05,
224,4,1,3,11,0.7395878333530467,1.624272966607047,0.4553346934647173,0.001953125,7.206201553344727e-05,
224,4,3,8,1,0.14528593334640996,1.0158246666833293,0.14302264761966157,0.001953125,9.065866470336914e-05,
224,4,3,8,3,0.2485172666638391,1.0804325667171117,0.2300164529647208,0.001953125,7.522106170654297e-05,
224,4,3,8,5,0.6412837666478785,1.6190223999728914,0.3960932020820811,0.001953125,7.611513137817383e-05,
224,4,3,8,7,0.4929522332531633,2.2294744000343294,0.2211069269266213,0.001953125,7.31348991394043e-05,
224,4,3,8,9,1.6623964998871088,3.0581529666960705,0.5435949470124473,0.001953125,9.012222290039062e-05,
224,4,3,8,11,2.4374931666291864,4.406783966624062,0.5531229089263695,0.001953125,7.933378219604492e-05,
224,4,8,16,1,0.25352983332898776,1.574177733346005,0.16105540559902062,0.001953125,7.69495964050293e-05,
224,4,8,16,3,0.37430489998466027,2.201711900003526,0.17000630281557766,0.001953125,8.946657180786133e-05,
224,4,8,16,5,1.7247475333230493,3.5145817999970554,0.49074047254341735,0.001953125,8.434057235717773e-05,
224,4,8,16,7,0.7662817333766725,5.21866403335783,0.14683484671145347,0.001953125,8.171796798706055e-05,
224,4,8,16,9,1.1416489000112051,7.793145533408581,0.14649397924330415,0.001953125,7.587671279907227e-05,
224,4,8,16,11,1.2768781999814867,11.12910753339141,0.11473320714624988,0.001953125,7.539987564086914e-05,
224,4,16,32,1,0.31531556669506244,2.446046166611874,0.12890826469224817,0.001953125,8.547306060791016e-05,
224,4,16,32,3,0.6060156666838642,3.7608687334189503,0.16113714932372666,0.001953125,8.684396743774414e-05,
224,4,16,32,5,0.8646053000120446,5.578239966659264,0.1549960749590781,0.001953125,8.571147918701172e-05,
224,4,16,32,7,1.4389910333799587,8.689530366730954,0.16560055292393372,0.001953125,8.380413055419922e-05,
224,4,16,32,9,1.8215359666404158,12.768566633409742,0.14265782675044,0.001953125,7.385015487670898e-05,
224,4,16,32,11,2.4402072000763533,17.799049033298314,0.137097616592394,0.001953125,8.022785186767578e-05,
224,4,32,64,1,0.5767388332363529,4.687950600055046,0.12302579153235547,0.001953125,8.291006088256836e-05,
224,4,32,64,3,1.510043466623756,7.525232999978471,0.20066401487210778,0.001953125,8.344650268554688e-05,
224,4,32,64,5,2.336849233446022,12.638137633378696,0.18490455644937345,0.001953125,8.52346420288086e-05,
224,4,32,64,7,3.6705242666357663,20.575804633335792,0.17839031484042106,0.001953125,7.94529914855957e-05,
224,4,32,64,9,5.238401700019797,481.3261186332966,0.01088326915417347,0.001953125,7.987022399902344e-05,
224,4,32,64,11,13.149321066763756,936.5410954000254,0.014040303336766315,0.001953125,7.992982864379883e-05,
224,8,1,1,1,0.06939746672287583,0.7090727332979441,0.09787073097579657,0.0009765625,6.860494613647461e-05,
224,8,1,1,3,0.07153953326148137,1.1162500667220836,0.06408916370465292,0.001953125,0.00010436773300170898,
224,8,1,1,5,0.12097239996364806,1.0684579333125537,0.11322149070351867,0.001953125,6.556510925292969e-05,
224,8,1,1,7,0.1556866999938696,1.6244689665957897,0.0958385190454725,0.001953125,9.685754776000977e-05,
224,8,1,1,9,0.18759896665869746,2.2164028998910603,0.08464118444706883,0.001953125,2.1636486053466797e-05,
224,8,1,1,11,0.2957136333861854,2.754455433387193,0.10735829296847332,0.001953125,5.161762237548828e-05,
224,8,1,3,1,0.12383753334385499,0.8828505000565201,0.14027010613453456,0.001953125,6.657838821411133e-05,
224,8,1,3,3,0.29791546670215513,1.1529104999984459,0.25840294342237036,0.001953125,8.45193862915039e-05,
224,8,1,3,5,0.36586536674197606,1.188441833316271,0.30785298572085107,0.001953125,8.797645568847656e-05,
224,8,1,3,7,0.667128700054794,1.7647524332763471,0.3780296247084571,0.001953125,8.052587509155273e-05,
224,8,1,3,9,0.960352966649225,2.3247495000153626,0.4130995475610936,0.001953125,6.0617923736572266e-05,
224,8,1,3,11,1.3655754666009063,2.834235266709584,0.4818144360281976,0.001953125,9.757280349731445e-05,
224,8,3,8,1,0.288040733357775,1.6487441000208491,0.17470311696892962,0.001953125,7.891654968261719e-05,
224,8,3,8,3,0.4758991666070263,1.9944441667272865,0.23861242873894856,0.001953125,8.046627044677734e-05,
224,8,3,8,5,1.3174460667263095,2.9648663999978453,0.444352590972486,0.001953125,7.87973403930664e-05,
224,8,3,8,7,0.9779830333476033,4.1129862999999505,0.2377793072998116,0.001953125,7.88569450378418e-05,
224,8,3,8,9,5.1788687665975885,5.939555499935523,0.8719286765910021,0.001953125,7.867813110351562e-05,
224,8,3,8,11,7.378038633275234,8.30252539999492,0.8886499321374853,0.001953125,7.915496826171875e-05,
224,8,8,16,1,0.41342103334803443,2.4809903333031493,0.16663548736911543,0.001953125,8.088350296020508e-05,
224,8,8,16,3,0.9629606333570943,3.9633706666791113,0.24296507047723453,0.001953125,8.20159912109375e-05,
224,8,8,16,5,3.1799800667310287,6.380899733388408,0.49835919691569647,0.001953125,8.791685104370117e-05,
224,8,8,16,7,1.0293844999978319,10.20547290002772,0.10086592851518285,0.001953125,7.265806198120117e-05,
224,8,8,16,9,1.3454233332595322,15.525618399988161,0.08665827657213049,0.001953125,7.18235969543457e-05,
224,8,8,16,11,1.686289866605269,22.00749716660842,0.07662342763646228,0.001953125,7.647275924682617e-05,
224,8,16,32,1,0.6313357333662376,4.450527766675805,0.14185637444922536,0.001953125,7.832050323486328e-05,
224,8,16,32,3,1.2071762666892027,6.905965966628476,0.17480194262795531,0.001953125,7.814168930053711e-05,
224,8,16,32,5,1.7503523333289195,10.960095566648912,0.1597022875106276,0.001953125,8.314847946166992e-05,
224,8,16,32,7,2.582200599984693,17.07937493326123,0.15118823786437208,0.001953125,7.718801498413086e-05,
224,8,16,32,9,3.51160086671977,387.56429306667997,0.009060692456814134,0.001953125,8.195638656616211e-05,
224,8,16,32,11,4.773152866740323,805.8157832667348,0.0059233797176200895,0.001953125,8.225440979003906e-05,
224,8,32,64,1,1.112310633228238,9.049897766696327,0.12290864072758337,0.001953125,8.165836334228516e-05,
224,8,32,64,3,2.6998815000600493,14.586037233433066,0.18510041191116494,0.001953125,8.058547973632812e-05,
224,8,32,64,5,4.7204718001012225,24.73484500005725,0.19084299093405668,0.001953125,8.118152618408203e-05,
224,8,32,64,7,8.088431466724918,741.839068100065,0.010903215824747974,0.001953125,7.75456428527832e-05,
224,8,32,64,9,11.852006300008119,1258.304451166623,0.00941902914594291,0.001953125,8.13603401184082e-05,
224,8,32,64,11,,,,0.001953125,8.285045623779297e-05,"bench_fail: CUDA error: out of memory
CUDA kernel errors might be asynchronously reported at some other API call, so the stacktrace below might be incorrect.
For debugging consider passing CUDA_LAUNCH_BLOCKING=1
Compile with `TORCH_USE_CUDA_DSA` to enable device-side assertions.
"
